<?xml version="1.0" encoding="UTF-8"?>
<beans xmlns = "http://www.springframework.org/schema/beans"
   xmlns:xsi = "http://www.w3.org/2001/XMLSchema-instance"
   xsi:schemaLocation = "http://www.springframework.org/schema/beans
   http://www.springframework.org/schema/beans/spring-beans-3.0.xsd">
 
   

   <bean id="s1"  class="DemoOfMaven.Demomaven.Student">
   <property name="id"  value="B6327"></property>
      <property name="publisher"  value="R K Narayan"></property>
            <property name="price"  value="6481"></property>
      
   
   </bean>
   
   <bean id="b1"  class="DemoOfMaven.Demomaven.Book">
   <constructor-arg name="name" value="Bopanna"></constructor-arg>
      <constructor-arg name="roll" value="238429"></constructor-arg>
   
      
   
   </bean>
   
   <bean id="e1"  class="DemoOfMaven.Demomaven.Employee">
        <constructor-arg name="name" value="Bopanna"></constructor-arg>
        <constructor-arg name="id" value="6483"></constructor-arg>
        <constructor-arg name="salary" value="64188"></constructor-arg>
        <constructor-arg name="address" value="Mysore"></constructor-arg>
     
   
   </bean>





</beans>