<?xml version="1.0" encoding="UTF-8"?>
<beans xmlns = "http://www.springframework.org/schema/beans"
   xmlns:xsi = "http://www.w3.org/2001/XMLSchema-instance"
   xsi:schemaLocation = "http://www.springframework.org/schema/beans
   http://www.springframework.org/schema/beans/spring-beans-3.0.xsd">
 
   

   <bean id="b1"  class="com.demo.Book">
   <property name="bookId"  value="B6327"></property>
      <property name="bookPublisher"  value="R K Narayan"></property>
            <property name="bookPrice"  value="6481"></property>
      
   
   </bean>





</beans>