<?xml version="1.0" encoding="UTF-8"?>
<beans xmlns = "http://www.springframework.org/schema/beans"
   xmlns:xsi = "http://www.w3.org/2001/XMLSchema-instance"
   xsi:schemaLocation = "http://www.springframework.org/schema/beans
   http://www.springframework.org/schema/beans/spring-beans-3.0.xsd">
 
   

   <bean id="e1"  class="com.demo.Employee">
   <property name="empId"  value="ey6327"></property>
      <property name="address"  value="Mysore"></property>
            <property name="salary"  value="648233"></property>
                        <property name="empname"  value="Jagan"></property>
            
      
   
   </bean>





</beans>